Incident Type,Location,Timestamp,Age,Gender,Weapon Used,Crime Scene Location
Assault,Vancouver,2021-08-15 10:40:02,32,Other,Gun,Private
Burglary,Toronto,2022-04-04 04:48:03,39,Other,Gun,Public
Assault,Vancouver,2023-08-21 23:15:11,68,Male,Unknown,Private
Burglary,Chicago,2022-08-15 15:07:41,55,Female,Gun,Private
Fraud,Houston,2024-09-14 08:04:33,51,Male,Bat,Public
Theft,Miami,2022-03-12 00:23:33,31,Other,Gun,Private
Fraud,Vancouver,2020-03-16 03:53:20,40,Other,Bat,Public
Burglary,Toronto,2022-12-11 05:11:20,43,Male,Gun,Public
Assault,Los Angeles,2019-12-14 03:28:14,24,Other,Unknown,Public
Burglary,Miami,2019-05-05 19:51:48,63,Female,Knife,Private
Theft,Chicago,2019-08-17 19:46:26,36,Other,Gun,Public
Burglary,Chicago,2021-05-24 04:06:10,51,Male,Unknown,Private
Burglary,Toronto,2022-08-02 10:51:27,35,Other,None,Private
Robbery,Chicago,2020-05-12 21:44:50,53,Female,Gun,Public
Robbery,Los Angeles,2020-09-30 17:34:51,64,Male,Unknown,Public
Theft,Chicago,2022-02-15 15:26:48,51,Other,Knife,Private
Assault,Los Angeles,2019-06-22 09:09:17,23,Other,Bat,Private
Theft,Los Angeles,2020-09-28 15:05:57,69,Other,Unknown,Private
Assault,New York,2022-08-07 00:41:46,48,Male,Knife,Public
Theft,Toronto,2023-08-18 03:17:53,49,Female,Bat,Public
Burglary,Los Angeles,2024-06-08 13:10:50,55,Male,Unknown,Private
Theft,New York,2024-01-22 21:59:31,62,Male,Knife,Private
Assault,Miami,2020-04-02 14:04:49,62,Female,Unknown,Private
Fraud,New York,2023-01-05 07:35:44,50,Male,Unknown,Private
Theft,Vancouver,2019-11-22 05:59:36,65,Female,Unknown,Public
Burglary,Toronto,2023-12-10 18:40:31,45,Male,None,Private
Assault,New York,2023-05-04 06:36:02,53,Female,Knife,Public
Robbery,Chicago,2022-06-11 20:40:40,32,Female,Unknown,Private
Assault,Los Angeles,2023-09-29 21:30:45,68,Other,Gun,Private
Robbery,Vancouver,2021-05-29 02:47:22,45,Other,Unknown,Public
Burglary,Chicago,2024-08-05 16:46:46,45,Male,Gun,Public
Theft,Houston,2020-12-21 02:39:36,22,Male,Unknown,Public
Robbery,Los Angeles,2024-05-22 03:39:44,26,Male,Gun,Public
Theft,New York,2019-05-13 12:05:42,60,Male,None,Private
Theft,New York,2023-09-25 16:13:13,57,Male,Knife,Private
Burglary,Vancouver,2024-10-07 05:21:01,28,Other,None,Private
Robbery,Los Angeles,2020-11-26 11:01:17,29,Male,None,Private
Theft,New York,2020-03-10 22:18:05,64,Male,None,Public
Burglary,Toronto,2020-11-06 05:56:42,51,Other,Unknown,Private
Robbery,Los Angeles,2019-08-09 18:37:07,18,Male,Bat,Public
Burglary,Houston,2020-09-09 19:32:53,29,Female,Bat,Public
Burglary,Miami,2019-10-18 00:48:47,24,Other,None,Private
Robbery,New York,2024-05-01 07:23:24,61,Female,Knife,Private
Robbery,Los Angeles,2024-06-10 16:07:03,53,Male,Bat,Public
Fraud,Toronto,2021-02-22 18:33:14,47,Female,Unknown,Private
Theft,Chicago,2019-11-18 05:49:41,34,Male,Bat,Public
Robbery,Toronto,2024-06-11 18:46:03,45,Other,None,Public
Burglary,Chicago,2023-07-30 10:59:16,40,Male,Unknown,Private
Theft,Chicago,2021-03-14 12:21:50,62,Other,Gun,Public
Burglary,Vancouver,2021-07-08 02:42:54,59,Other,Bat,Private
Burglary,Los Angeles,2024-03-26 19:47:17,28,Other,Knife,Public
Theft,Miami,2022-09-02 04:55:37,21,Female,None,Public
Burglary,Miami,2023-01-11 09:52:36,21,Male,Unknown,Private
Robbery,Vancouver,2019-02-06 05:03:03,70,Female,None,Private
Burglary,Los Angeles,2022-06-02 03:33:28,67,Male,Unknown,Public
Assault,Los Angeles,2021-10-01 18:18:16,67,Male,Gun,Public
Fraud,Toronto,2019-07-25 03:33:02,49,Female,Unknown,Private
Robbery,Toronto,2022-03-10 14:55:52,35,Other,None,Private
Fraud,Los Angeles,2020-10-10 11:16:06,20,Male,Bat,Private
Burglary,Los Angeles,2021-12-13 15:09:10,46,Male,Bat,Public
Theft,Chicago,2019-08-24 15:01:39,66,Male,Unknown,Public
Fraud,Houston,2019-10-02 14:26:08,33,Other,Unknown,Private
Assault,Los Angeles,2022-12-17 22:30:28,30,Male,None,Public
Fraud,Chicago,2024-02-21 14:06:04,38,Male,Knife,Private
Fraud,Toronto,2019-08-16 17:50:47,28,Other,Gun,Private
Fraud,New York,2022-06-09 01:12:45,60,Male,None,Public
Burglary,Los Angeles,2024-09-03 13:07:55,21,Male,None,Public
Theft,Toronto,2023-02-06 11:22:04,45,Female,Gun,Private
Theft,Vancouver,2022-03-11 18:29:21,20,Male,Bat,Public
Theft,Miami,2019-01-15 23:12:06,21,Other,Gun,Private
Fraud,Los Angeles,2021-01-10 18:11:37,41,Female,Bat,Private
Theft,Miami,2022-12-20 07:29:37,25,Other,Bat,Private
Theft,Miami,2024-03-29 05:27:43,40,Male,Knife,Private
Fraud,New York,2019-08-19 12:20:45,29,Other,Unknown,Public
Burglary,Toronto,2019-01-11 00:56:38,54,Male,Gun,Private
Assault,Miami,2021-10-24 23:49:15,64,Male,None,Private
Theft,Houston,2020-11-15 17:05:56,34,Male,Knife,Private
Fraud,Vancouver,2019-06-27 06:08:25,32,Female,Unknown,Public
Theft,Los Angeles,2023-11-28 20:06:05,58,Female,None,Private
Theft,Los Angeles,2019-12-20 21:33:17,29,Male,Knife,Private
Assault,Los Angeles,2022-05-25 12:39:35,35,Female,Gun,Public
Burglary,New York,2024-03-22 02:12:18,67,Male,None,Public
Fraud,Toronto,2021-03-29 16:44:10,68,Male,Unknown,Private
Fraud,Toronto,2024-10-06 21:53:16,27,Other,Gun,Public
Theft,Los Angeles,2019-04-03 05:24:57,18,Other,Bat,Private
Robbery,Miami,2019-03-01 10:12:22,66,Other,None,Private
Burglary,Houston,2019-02-06 07:00:30,66,Female,Gun,Private
Burglary,Los Angeles,2023-03-21 04:07:09,57,Female,None,Public
Theft,Houston,2020-06-28 17:08:01,69,Other,Bat,Private
Robbery,Toronto,2021-06-16 21:22:48,36,Other,Unknown,Private
Burglary,Toronto,2023-05-19 11:40:58,30,Male,Knife,Public
Robbery,New York,2020-01-05 10:57:18,19,Female,None,Public
Robbery,Vancouver,2021-03-24 20:42:30,33,Male,Unknown,Public
Theft,Miami,2021-09-22 18:57:38,34,Female,None,Private
Fraud,Miami,2022-09-21 04:10:31,41,Other,Gun,Public
Theft,Houston,2020-07-10 14:17:11,48,Other,Bat,Public
Robbery,New York,2021-09-28 02:17:03,32,Female,Gun,Private
Assault,Houston,2020-12-08 03:18:34,61,Other,Unknown,Public
Theft,Los Angeles,2024-06-02 17:43:47,64,Other,Knife,Public
Burglary,Vancouver,2021-03-22 07:38:45,28,Other,Knife,Public
Fraud,Toronto,2020-04-05 02:17:15,39,Male,None,Public
Assault,Toronto,2023-03-05 06:27:29,25,Male,Gun,Public
Fraud,Los Angeles,2020-01-27 21:37:11,70,Male,Unknown,Private
Robbery,Miami,2023-01-09 04:05:51,69,Male,None,Public
Burglary,New York,2019-05-25 16:11:55,25,Other,Bat,Private
Fraud,Miami,2023-08-19 07:22:33,18,Female,Unknown,Private
Fraud,Toronto,2019-07-28 15:32:32,32,Female,Unknown,Public
Fraud,Toronto,2022-11-08 01:09:48,42,Female,None,Public
Robbery,Vancouver,2019-08-03 15:01:39,47,Female,Unknown,Private
Theft,Vancouver,2024-03-12 13:45:45,22,Other,Unknown,Public
Burglary,Miami,2022-04-09 20:26:30,28,Other,None,Public
Assault,Chicago,2019-11-22 19:03:07,22,Female,Bat,Private
Fraud,Vancouver,2019-05-30 11:59:44,67,Female,Gun,Private
Theft,Houston,2023-12-15 23:28:35,46,Male,Gun,Private
Theft,Houston,2020-08-19 06:50:34,23,Male,Unknown,Public
Burglary,Los Angeles,2023-06-02 04:53:29,55,Other,Gun,Private
Burglary,Houston,2022-01-08 22:27:41,43,Other,None,Private
Theft,Chicago,2021-11-19 07:28:21,22,Female,None,Public
Fraud,New York,2021-03-25 15:12:50,65,Male,None,Public
Burglary,Miami,2022-05-25 15:37:51,30,Male,Gun,Private
Fraud,Los Angeles,2021-01-30 14:06:52,59,Male,None,Private
Fraud,Vancouver,2021-09-24 17:33:01,25,Male,Knife,Public
Burglary,Vancouver,2022-04-28 01:17:04,37,Female,None,Public
Theft,New York,2021-11-24 22:08:24,32,Female,Unknown,Private
Robbery,New York,2021-08-05 03:41:02,45,Other,Knife,Private
Robbery,Chicago,2020-04-14 13:30:28,51,Other,Bat,Public
Theft,Chicago,2020-12-28 14:05:52,20,Male,Gun,Public
Fraud,Miami,2021-06-11 20:08:01,39,Other,Bat,Public
Assault,Chicago,2022-12-21 06:38:16,22,Other,Gun,Private
Fraud,Houston,2021-07-18 10:10:33,35,Other,Bat,Public
Burglary,Vancouver,2021-09-01 21:09:45,36,Other,Knife,Public
Robbery,Miami,2022-02-25 20:50:15,53,Male,Bat,Private
Assault,Los Angeles,2023-08-12 04:57:25,34,Male,None,Public
Theft,Vancouver,2024-01-04 02:03:46,31,Female,Knife,Public
Robbery,Los Angeles,2020-05-27 13:33:04,47,Male,Unknown,Private
Burglary,Los Angeles,2019-07-03 01:21:44,60,Female,Knife,Public
Robbery,Toronto,2019-09-15 02:28:35,39,Female,Unknown,Public
Burglary,Toronto,2019-09-23 17:13:06,51,Other,Gun,Private
Fraud,Los Angeles,2024-02-19 14:19:58,30,Other,Bat,Public
Burglary,Toronto,2021-03-01 19:13:53,30,Other,Unknown,Private
Fraud,Chicago,2023-06-23 04:04:41,38,Male,Bat,Public
Burglary,New York,2022-03-18 23:50:42,64,Other,Gun,Public
Fraud,Chicago,2019-01-03 00:52:27,62,Female,None,Public
Burglary,Chicago,2023-02-10 21:02:33,49,Female,Bat,Public
Burglary,Toronto,2022-11-10 00:01:10,63,Female,Bat,Public
Burglary,Los Angeles,2022-06-22 04:57:37,38,Male,Unknown,Public
Fraud,Vancouver,2020-01-08 16:25:57,57,Male,Bat,Private
Theft,Houston,2021-03-27 23:02:12,64,Male,Gun,Private
Robbery,Vancouver,2019-09-09 04:14:45,49,Other,Unknown,Private
Assault,Houston,2019-07-21 14:50:41,33,Other,Gun,Public
Burglary,Chicago,2022-02-05 20:01:10,37,Male,Unknown,Private
Theft,Houston,2022-04-22 08:12:58,40,Other,Gun,Private
Fraud,Vancouver,2024-10-09 20:37:06,25,Female,Gun,Private
Fraud,New York,2023-02-03 22:25:41,66,Other,Unknown,Public
Assault,Houston,2024-01-23 04:31:59,62,Male,Knife,Public
Theft,Toronto,2019-05-28 22:41:42,40,Male,Gun,Private
Theft,Chicago,2023-11-22 11:05:59,31,Female,Knife,Private
Theft,Toronto,2019-07-04 20:16:55,48,Female,Knife,Private
Robbery,Los Angeles,2022-04-22 02:29:21,45,Other,Knife,Private
Burglary,Toronto,2023-11-24 21:20:27,35,Female,Bat,Public
Burglary,Toronto,2019-02-06 08:26:57,27,Female,Unknown,Private
Fraud,Chicago,2020-01-09 01:59:38,48,Male,Gun,Public
Theft,Miami,2024-02-15 09:49:38,51,Male,Unknown,Public
Robbery,Toronto,2021-12-18 15:37:46,37,Female,Bat,Public
Theft,Vancouver,2024-04-13 04:34:39,65,Other,Unknown,Private
Burglary,New York,2020-10-25 10:46:51,24,Male,Gun,Public
Assault,Miami,2020-05-12 12:17:28,28,Female,Knife,Public
Burglary,Miami,2019-04-08 03:15:57,41,Other,Unknown,Private
Fraud,New York,2020-11-26 17:49:15,49,Male,Gun,Public
Assault,Houston,2021-08-17 06:47:50,53,Other,Bat,Public
Theft,Chicago,2021-10-01 14:11:28,52,Female,Knife,Private
Fraud,Toronto,2022-04-08 02:01:56,52,Female,Knife,Public
Fraud,New York,2021-09-29 17:27:27,38,Male,None,Private
Robbery,Vancouver,2021-07-21 14:36:40,45,Female,Knife,Private
Theft,Miami,2021-05-10 00:21:48,22,Male,Gun,Public
Robbery,Miami,2023-12-16 18:16:05,55,Female,Gun,Public
Burglary,New York,2021-09-14 18:54:10,61,Female,Knife,Private
Theft,Miami,2019-07-20 15:49:29,64,Female,None,Private
Assault,Vancouver,2020-06-27 02:41:28,35,Other,Bat,Public
Theft,Houston,2021-11-01 19:07:20,28,Male,Knife,Private
Theft,Chicago,2021-11-30 10:55:12,46,Male,Gun,Public
Robbery,Toronto,2019-02-12 08:46:16,54,Other,Bat,Public
Robbery,New York,2023-11-09 10:53:40,18,Other,Bat,Private
Theft,Vancouver,2021-07-22 15:24:20,27,Other,Gun,Private
Assault,Vancouver,2020-05-18 16:14:17,18,Other,Gun,Public
Assault,Vancouver,2024-09-27 11:02:04,64,Male,Gun,Private
Robbery,Vancouver,2024-10-09 06:09:02,70,Female,Bat,Private
Assault,Chicago,2021-03-28 03:52:53,26,Male,None,Public
Assault,Chicago,2021-06-15 00:18:11,66,Other,Unknown,Private
Theft,Toronto,2023-05-14 11:07:59,62,Female,Gun,Public
Burglary,Los Angeles,2019-11-15 08:44:18,68,Female,Unknown,Public
Fraud,Miami,2021-04-10 20:11:41,65,Male,None,Public
Assault,Houston,2023-04-24 21:03:15,69,Male,Gun,Public
Theft,Vancouver,2022-04-07 04:51:59,30,Female,Knife,Public
Assault,Los Angeles,2024-09-06 09:36:27,54,Female,Unknown,Private
Burglary,New York,2023-12-10 06:03:33,21,Female,Knife,Public
Robbery,Vancouver,2021-02-28 02:17:02,67,Male,None,Private
Theft,Toronto,2022-03-01 19:45:29,65,Male,Gun,Public
Burglary,Houston,2021-06-25 01:09:46,34,Other,None,Public
Assault,Toronto,2020-06-22 02:02:12,36,Male,Bat,Public
Assault,Houston,2020-09-02 00:38:00,22,Male,Knife,Public
Assault,New York,2019-09-19 00:17:48,41,Male,None,Private
Assault,Vancouver,2022-06-08 20:37:26,37,Female,Unknown,Public
Burglary,Houston,2020-06-16 09:36:12,37,Male,Bat,Private
Fraud,Toronto,2023-03-12 01:09:43,19,Male,None,Public
Assault,Toronto,2022-11-06 23:22:37,53,Other,Knife,Private
Fraud,New York,2023-05-15 13:53:51,30,Female,Knife,Private
Burglary,New York,2024-02-29 10:36:09,25,Male,Knife,Private
Assault,Miami,2020-10-24 04:04:34,35,Female,Bat,Private
Robbery,Toronto,2023-10-28 13:20:51,42,Other,Unknown,Public
Burglary,Los Angeles,2023-05-26 05:13:54,46,Female,Gun,Private
Robbery,Chicago,2023-06-29 16:01:50,18,Other,Knife,Private
Robbery,Miami,2020-12-21 22:48:44,57,Female,Bat,Public
Theft,Toronto,2022-02-14 16:22:47,39,Male,Unknown,Public
Robbery,Vancouver,2022-01-29 02:00:01,35,Other,Bat,Public
Burglary,Miami,2022-11-12 18:28:34,35,Other,Knife,Public
Burglary,Vancouver,2024-06-06 06:53:39,60,Male,Gun,Private
Burglary,New York,2019-02-23 16:17:08,27,Other,None,Private
Fraud,Toronto,2021-10-05 22:55:56,28,Female,Bat,Private
Robbery,Chicago,2020-04-12 18:38:42,18,Female,Gun,Private
Assault,Vancouver,2024-04-23 15:24:45,31,Female,Knife,Public
Fraud,Toronto,2022-09-30 09:17:58,65,Male,Knife,Private
Burglary,New York,2024-09-25 01:05:01,24,Other,None,Public
Fraud,Houston,2022-08-24 05:27:40,51,Other,Bat,Public
Assault,New York,2020-02-21 10:08:22,37,Male,Gun,Public
Robbery,Houston,2024-06-09 13:10:39,19,Female,Unknown,Private
Assault,Vancouver,2023-03-08 21:05:58,67,Other,Knife,Public
Fraud,Houston,2020-07-21 01:03:34,66,Female,None,Public
Fraud,Houston,2023-03-05 15:51:05,38,Other,Gun,Public
Theft,Los Angeles,2019-12-18 20:19:27,68,Male,Knife,Public
Burglary,Los Angeles,2024-01-08 22:34:21,28,Female,None,Public
Robbery,Toronto,2020-01-04 11:27:31,60,Other,Bat,Public
Robbery,Toronto,2021-04-10 11:05:59,55,Male,None,Private
Assault,Miami,2021-03-25 13:23:47,30,Other,None,Public
Assault,New York,2024-06-21 08:57:30,52,Male,None,Private
Fraud,Vancouver,2020-12-23 17:26:19,59,Other,Gun,Public
Fraud,Vancouver,2022-10-24 05:04:04,32,Female,None,Public
Fraud,Chicago,2023-05-25 12:09:47,28,Male,Unknown,Private
Burglary,New York,2023-09-08 17:47:09,54,Other,Knife,Public
Burglary,Houston,2022-08-16 03:55:05,18,Other,None,Public
Fraud,Toronto,2021-09-23 07:00:18,49,Female,Unknown,Private
Burglary,Houston,2019-10-13 21:44:09,60,Other,Knife,Public
Fraud,Toronto,2024-03-06 10:33:56,68,Other,None,Public
Theft,New York,2023-07-23 13:08:51,33,Other,Bat,Public
Theft,Los Angeles,2021-05-13 19:37:47,59,Other,Knife,Private
Assault,Vancouver,2023-01-31 23:38:22,40,Female,Knife,Public
Fraud,Toronto,2023-11-19 18:43:37,30,Female,Unknown,Private
Theft,Los Angeles,2020-01-30 04:33:16,29,Other,Bat,Public
Theft,Toronto,2024-07-24 17:15:32,62,Female,Bat,Private
Robbery,Miami,2022-04-22 23:34:29,25,Other,Bat,Private
Burglary,Miami,2023-01-17 12:50:30,57,Female,Bat,Private
Theft,Miami,2022-02-13 16:05:47,58,Other,Bat,Public
Fraud,New York,2020-08-25 21:08:34,54,Other,None,Private
Theft,New York,2019-11-19 21:39:04,48,Female,None,Public
Robbery,Toronto,2021-02-15 22:46:59,29,Female,Gun,Private
Fraud,Chicago,2019-05-02 03:26:14,64,Female,Gun,Private
Theft,Chicago,2024-09-16 10:46:01,32,Other,Bat,Public
Fraud,Miami,2023-10-30 17:57:18,55,Other,None,Private
Robbery,Houston,2022-10-30 15:26:50,18,Male,Bat,Private
Theft,Vancouver,2019-06-09 23:20:01,58,Female,Gun,Public
Theft,Miami,2021-10-24 11:56:55,33,Male,Bat,Private
Robbery,Miami,2019-08-05 17:52:58,30,Female,Knife,Public
Robbery,Miami,2020-08-18 23:47:14,18,Female,Bat,Public
Fraud,New York,2020-01-12 19:02:50,31,Other,Knife,Private
Assault,Miami,2019-05-29 15:37:49,33,Female,Bat,Private
Theft,Los Angeles,2022-11-24 09:01:31,35,Female,Unknown,Public
Burglary,Los Angeles,2019-12-16 06:09:13,29,Other,Knife,Private
Assault,Los Angeles,2019-04-12 23:40:48,60,Female,Knife,Public
Theft,New York,2019-05-05 18:42:09,43,Male,Gun,Public
Fraud,Chicago,2022-05-26 05:43:42,29,Female,Bat,Public
Assault,Los Angeles,2020-08-02 08:41:52,58,Male,Bat,Public
Assault,Houston,2020-10-04 06:49:28,36,Other,Knife,Public
Theft,Miami,2021-10-07 19:02:16,21,Other,None,Private
Burglary,Houston,2019-12-22 22:05:29,70,Male,Unknown,Public
Burglary,Vancouver,2023-03-19 14:58:13,47,Male,Unknown,Public
Burglary,Houston,2023-06-29 23:00:23,33,Other,Gun,Private
Fraud,Houston,2020-07-13 20:45:28,33,Female,None,Public
Theft,Miami,2024-08-12 12:02:03,19,Male,Bat,Public
Burglary,New York,2024-04-15 11:05:48,64,Other,Knife,Private
Theft,Houston,2023-07-16 17:51:48,35,Female,Bat,Private
Robbery,Vancouver,2021-01-26 01:15:19,21,Male,None,Public
Theft,Vancouver,2024-06-30 07:32:54,21,Male,Gun,Private
Burglary,Toronto,2024-01-30 02:34:18,62,Other,Unknown,Public
Fraud,Chicago,2022-01-19 12:01:27,43,Other,Gun,Public
Fraud,Miami,2023-04-25 15:11:19,23,Other,Knife,Public
Robbery,New York,2020-06-12 05:01:24,59,Female,Gun,Private
Fraud,Miami,2023-12-06 09:27:07,49,Male,Knife,Public
Fraud,Houston,2024-02-22 12:30:35,41,Other,None,Private
Assault,New York,2021-10-25 17:07:31,50,Female,None,Public
Burglary,New York,2019-07-05 17:04:04,40,Other,Bat,Private
Theft,New York,2020-09-27 11:33:47,58,Female,None,Public
Assault,Vancouver,2024-07-15 09:01:47,35,Female,Unknown,Public
Fraud,New York,2023-09-13 01:52:26,51,Male,None,Public
Burglary,Vancouver,2022-07-30 20:05:13,68,Female,Gun,Public
Burglary,Miami,2024-07-12 13:13:19,65,Male,Bat,Public
Robbery,New York,2021-05-23 15:04:31,47,Female,Knife,Public
Assault,New York,2021-03-12 08:35:31,56,Female,Gun,Public
Burglary,Chicago,2021-11-27 05:39:35,69,Male,Bat,Public
Assault,New York,2019-06-23 05:43:14,55,Female,None,Public
Theft,Los Angeles,2022-07-23 23:46:17,40,Other,Unknown,Private
Theft,New York,2019-03-07 02:31:07,30,Female,Unknown,Public
Robbery,New York,2021-06-14 15:12:35,62,Female,Gun,Private
Theft,Los Angeles,2021-08-23 16:02:13,20,Male,Knife,Public
Robbery,Houston,2019-07-23 00:04:20,44,Female,None,Private
Robbery,Houston,2022-10-23 22:23:17,69,Other,None,Private
Assault,Chicago,2023-01-09 21:11:49,48,Male,None,Private
Burglary,New York,2022-04-13 17:07:11,18,Other,Gun,Private
Theft,Toronto,2020-10-08 08:22:23,62,Male,Gun,Private
Burglary,Vancouver,2020-03-26 17:24:20,70,Male,Knife,Private
Burglary,New York,2019-01-20 07:05:49,64,Other,Gun,Private
Fraud,Chicago,2023-06-15 13:55:01,44,Other,Unknown,Private
Robbery,Los Angeles,2019-11-22 01:21:01,47,Female,Knife,Private
Burglary,Chicago,2020-09-12 05:36:00,43,Other,Bat,Public
Burglary,Toronto,2019-06-04 14:43:50,63,Female,Knife,Public
Burglary,Vancouver,2022-10-26 05:07:12,51,Male,Unknown,Public
Assault,Houston,2023-10-16 04:20:01,20,Other,Unknown,Private
Burglary,Chicago,2024-10-06 13:05:54,54,Male,Gun,Private
Robbery,Miami,2019-02-17 16:35:00,38,Other,Knife,Public
Fraud,Chicago,2019-04-15 13:19:12,41,Male,Knife,Public
Assault,Miami,2019-09-12 10:39:46,24,Female,None,Private
Robbery,Houston,2022-08-12 18:05:29,22,Female,None,Private
Theft,Toronto,2023-01-31 12:47:02,44,Other,None,Private
Robbery,Miami,2022-04-29 03:03:20,59,Female,Gun,Public
Robbery,New York,2024-03-01 09:58:48,50,Other,Bat,Private
Burglary,Chicago,2023-11-25 18:59:56,22,Male,Knife,Private
Theft,Los Angeles,2023-02-24 03:26:04,57,Other,Gun,Private
Assault,Vancouver,2020-03-01 07:19:39,41,Male,Knife,Private
Burglary,Chicago,2022-02-08 09:25:22,66,Other,Bat,Public
Theft,Toronto,2020-01-26 13:04:40,68,Other,Gun,Public
Burglary,Los Angeles,2023-06-29 11:45:58,49,Other,Gun,Public
Burglary,Houston,2024-01-31 20:53:51,47,Other,Knife,Public
Fraud,New York,2024-05-30 09:35:22,32,Male,Unknown,Public
Theft,Miami,2022-07-01 06:05:38,55,Other,Knife,Public
Theft,Chicago,2019-06-12 03:16:54,21,Male,Bat,Private
Robbery,Houston,2023-07-05 23:33:50,49,Other,Unknown,Private
Burglary,Vancouver,2021-06-14 18:29:15,21,Male,None,Public
Fraud,Miami,2022-10-27 01:05:56,62,Female,Gun,Public
Burglary,Miami,2021-05-22 08:47:10,21,Female,Knife,Public
Assault,Los Angeles,2020-01-17 04:15:14,69,Other,None,Private
Assault,Houston,2020-11-13 06:52:31,34,Female,Unknown,Public
Robbery,Los Angeles,2023-08-13 10:49:13,29,Other,Bat,Private
Fraud,Toronto,2022-10-17 01:28:50,69,Male,Bat,Private
Fraud,Toronto,2019-02-17 21:01:46,30,Male,Unknown,Private
Theft,Chicago,2023-10-13 08:09:32,21,Other,Gun,Public
Burglary,Chicago,2019-12-23 03:30:16,70,Other,Bat,Private
Fraud,Miami,2023-01-01 08:37:43,27,Female,Bat,Private
Robbery,Vancouver,2021-02-13 07:40:11,69,Male,Gun,Private
Burglary,New York,2022-10-03 17:34:21,28,Other,Knife,Public
Fraud,Houston,2022-09-19 03:07:09,25,Male,Bat,Private
Robbery,New York,2019-03-11 06:55:41,42,Other,Gun,Private
Burglary,Miami,2022-01-18 05:04:56,33,Female,Gun,Public
Theft,Vancouver,2023-07-21 12:01:24,66,Other,Knife,Public
Assault,Chicago,2019-03-11 00:59:50,53,Female,Knife,Private
Robbery,New York,2024-05-21 00:46:48,56,Other,Gun,Private
Burglary,Toronto,2023-07-09 19:00:10,50,Female,Bat,Public
Fraud,Los Angeles,2024-07-07 09:53:11,57,Male,Knife,Private
Theft,Chicago,2020-05-01 12:03:43,25,Female,Gun,Private
Fraud,Vancouver,2023-08-25 11:55:56,37,Other,Knife,Private
Fraud,Los Angeles,2021-11-01 06:14:54,42,Male,None,Public
Burglary,Miami,2024-02-04 19:46:23,54,Female,None,Private
Fraud,Toronto,2022-11-23 19:06:30,57,Other,Gun,Private
Robbery,Toronto,2023-02-17 06:04:38,31,Other,Bat,Private
Burglary,Toronto,2023-09-02 21:04:48,42,Female,Knife,Private
Theft,Miami,2023-06-24 07:52:34,42,Other,Knife,Public
Burglary,Houston,2021-10-29 22:48:48,28,Female,Unknown,Private
Burglary,Toronto,2022-08-26 23:52:44,51,Female,None,Public
Fraud,Miami,2019-03-09 14:07:18,45,Male,Unknown,Private
Fraud,Los Angeles,2023-10-13 17:47:55,20,Other,Knife,Private
Burglary,Los Angeles,2021-04-12 13:31:31,24,Other,Gun,Private
Assault,Chicago,2021-06-08 13:05:34,51,Male,Knife,Private
Robbery,Los Angeles,2021-02-17 20:24:40,20,Male,None,Public
Burglary,Toronto,2019-02-08 21:01:56,37,Male,Bat,Private
Burglary,Toronto,2021-11-01 22:58:45,28,Female,Gun,Public
Theft,New York,2023-07-17 06:20:14,40,Male,None,Public
Theft,Miami,2021-10-13 01:31:38,45,Female,None,Public
Theft,Miami,2019-06-30 00:41:50,58,Female,Gun,Private
Assault,New York,2023-10-06 13:21:42,34,Female,Knife,Private
Assault,Miami,2021-04-27 08:24:43,35,Female,Unknown,Public
Robbery,Miami,2021-05-18 23:58:34,57,Female,Knife,Private
Theft,Vancouver,2022-02-05 13:34:09,52,Other,None,Private
Burglary,Chicago,2022-06-21 19:26:49,34,Female,Knife,Public
Robbery,Chicago,2023-07-25 17:33:42,70,Female,Gun,Private
Assault,Chicago,2022-03-12 19:45:47,51,Other,Knife,Private
Fraud,New York,2022-10-10 06:17:51,52,Other,None,Public
Fraud,Toronto,2023-04-29 15:56:16,36,Male,Gun,Private
Fraud,Chicago,2023-04-22 17:46:31,21,Other,Gun,Public
Robbery,Los Angeles,2024-06-02 05:52:46,21,Other,Bat,Public
Fraud,New York,2020-07-20 11:43:36,51,Other,None,Private
Fraud,Houston,2022-08-24 13:35:53,50,Male,Knife,Private
Robbery,Toronto,2022-10-24 00:12:38,60,Male,None,Private
Robbery,Los Angeles,2023-09-19 07:13:35,67,Female,Unknown,Private
Theft,Miami,2019-06-22 12:40:30,36,Female,None,Public
Burglary,Chicago,2019-01-06 20:52:37,56,Male,None,Private
Theft,Vancouver,2019-07-13 00:15:57,23,Male,Knife,Private
Fraud,Los Angeles,2019-11-15 16:52:23,52,Other,Knife,Private
Burglary,Houston,2021-04-02 09:24:45,42,Female,Gun,Public
Burglary,Toronto,2019-08-17 02:58:16,30,Male,None,Private
Assault,Vancouver,2021-03-22 07:04:40,20,Other,Bat,Private
Assault,Chicago,2023-02-24 20:58:34,33,Male,None,Private
Fraud,Houston,2020-11-07 04:21:21,38,Female,None,Private
Theft,New York,2019-11-26 19:31:02,20,Other,None,Public
Robbery,Miami,2021-08-11 06:49:51,44,Other,Unknown,Public
Fraud,New York,2024-05-25 14:46:26,44,Female,Unknown,Public
Theft,Houston,2019-10-27 01:39:55,19,Female,Bat,Public
Burglary,Toronto,2019-04-20 07:57:16,58,Other,Unknown,Private
Burglary,Vancouver,2020-01-01 04:22:09,65,Male,Bat,Private
Theft,Miami,2022-11-15 22:05:31,65,Female,Unknown,Private
Robbery,Vancouver,2020-04-04 23:12:23,22,Male,Unknown,Private
Robbery,Los Angeles,2024-05-29 19:51:58,54,Other,Bat,Private
Burglary,Houston,2020-02-28 11:40:03,31,Other,Gun,Public
Robbery,Toronto,2020-10-13 00:50:18,58,Male,Gun,Private
Burglary,Vancouver,2024-05-05 18:39:41,35,Other,Unknown,Public
Theft,New York,2023-04-05 11:12:44,63,Other,Gun,Private
Robbery,Chicago,2021-06-03 04:10:40,59,Other,None,Public
Robbery,Vancouver,2024-01-15 13:02:06,24,Female,Unknown,Public
Fraud,Los Angeles,2023-05-09 10:20:39,58,Male,Unknown,Private
Assault,Los Angeles,2021-10-26 04:38:25,36,Male,None,Private
Assault,Houston,2019-11-17 00:50:15,37,Female,None,Private
Assault,Chicago,2024-09-21 13:31:43,41,Other,None,Public
Robbery,Chicago,2023-10-02 13:49:34,47,Male,Gun,Private
Burglary,Chicago,2024-05-01 21:59:40,41,Female,None,Private
Fraud,Chicago,2021-11-13 23:24:13,35,Other,Unknown,Private
Assault,Chicago,2023-03-22 23:40:43,58,Other,None,Private
Assault,Chicago,2019-02-23 21:55:48,62,Female,Unknown,Public
Theft,Los Angeles,2022-07-16 10:36:22,63,Female,Gun,Public
Theft,Houston,2019-08-01 23:30:45,55,Male,None,Public
Fraud,Vancouver,2023-03-24 08:17:48,41,Other,Unknown,Private
Theft,Vancouver,2021-08-20 18:21:59,41,Female,None,Public
Fraud,Toronto,2021-03-08 04:37:54,49,Other,Knife,Private
Theft,Houston,2020-02-13 02:57:39,24,Male,Unknown,Private
Burglary,New York,2022-08-20 21:45:58,64,Female,Bat,Public
Assault,Vancouver,2024-01-25 08:42:11,31,Other,Knife,Private
Burglary,Los Angeles,2024-08-25 21:17:11,35,Female,Unknown,Public
Theft,Toronto,2022-07-27 08:27:15,55,Male,None,Public
Burglary,New York,2022-11-08 07:34:29,68,Female,None,Private
Robbery,Toronto,2022-11-18 17:39:18,66,Other,Gun,Public
Burglary,Vancouver,2022-09-02 03:19:48,24,Other,Gun,Public
Robbery,Toronto,2019-04-18 20:00:54,54,Female,Gun,Private
Burglary,New York,2020-01-07 21:24:01,20,Other,Knife,Public
Robbery,Houston,2019-06-07 12:34:09,38,Male,None,Public
Robbery,Houston,2020-03-05 21:12:41,66,Other,Knife,Public
Burglary,Chicago,2021-03-04 10:12:16,20,Other,None,Public
Assault,Toronto,2023-04-07 15:58:00,36,Male,Knife,Private
Theft,Vancouver,2021-11-19 02:57:57,37,Female,Bat,Private
Burglary,New York,2022-04-21 15:09:26,46,Female,Unknown,Public
Burglary,Los Angeles,2019-05-07 03:06:51,18,Other,None,Public
Robbery,New York,2023-07-12 12:55:30,20,Female,Knife,Private
Burglary,Vancouver,2024-01-18 03:00:49,40,Female,None,Private
Burglary,New York,2020-11-01 22:16:03,45,Male,Knife,Private
Fraud,Toronto,2024-01-15 23:25:48,24,Male,Unknown,Private
Burglary,New York,2020-04-27 17:32:11,20,Male,Knife,Public
Assault,Houston,2022-10-31 08:00:47,42,Female,None,Private
Theft,Houston,2023-02-16 14:38:06,36,Other,Bat,Public
Fraud,Chicago,2021-08-29 05:50:24,34,Female,Gun,Private
Assault,Los Angeles,2019-08-29 23:59:08,41,Male,Bat,Public
Theft,Houston,2021-07-22 20:30:04,41,Other,Knife,Public
Assault,Chicago,2024-06-20 08:53:31,67,Female,Bat,Private
Fraud,Los Angeles,2022-02-26 16:29:17,54,Female,Knife,Private
Burglary,Vancouver,2023-10-19 23:43:55,23,Other,Knife,Public
Robbery,Houston,2020-05-25 20:45:50,32,Male,Bat,Private
Fraud,Vancouver,2021-11-01 10:43:56,28,Other,Bat,Public
Robbery,Toronto,2021-07-07 05:08:01,63,Male,Unknown,Private
Burglary,Miami,2022-04-02 19:55:51,33,Other,Knife,Private
Robbery,Houston,2023-09-08 11:23:57,49,Other,None,Private
Theft,Vancouver,2024-02-13 00:31:25,44,Male,Bat,Private
Assault,Houston,2020-07-02 06:44:58,44,Female,Knife,Private
Fraud,Houston,2023-04-20 02:17:40,33,Male,Unknown,Private
Robbery,Los Angeles,2021-02-12 05:35:10,19,Other,Gun,Private
Assault,Miami,2022-07-18 07:42:24,67,Other,Gun,Private
Assault,Los Angeles,2023-09-14 13:46:41,51,Other,Gun,Private
Fraud,Toronto,2024-04-16 00:28:38,42,Female,Unknown,Public
Burglary,Houston,2019-03-25 01:04:32,25,Female,Unknown,Private
Burglary,New York,2022-02-07 01:24:37,20,Female,Gun,Private
Fraud,Miami,2020-08-31 04:56:12,48,Other,None,Private
Burglary,Toronto,2019-06-03 10:24:01,69,Female,Knife,Public
Burglary,Toronto,2022-01-29 04:36:37,48,Female,Bat,Private
Fraud,Los Angeles,2020-11-04 18:08:57,55,Male,Bat,Private
Fraud,Toronto,2022-09-04 18:54:04,46,Other,None,Public
Theft,Toronto,2022-01-15 14:56:24,41,Male,Knife,Public
Fraud,Miami,2024-04-28 01:49:00,68,Male,Unknown,Public
Burglary,Chicago,2019-10-21 21:34:50,50,Other,Unknown,Public
Fraud,Vancouver,2023-06-21 07:33:12,47,Female,Bat,Public
Theft,Vancouver,2024-08-03 08:14:02,49,Female,None,Public
Assault,Chicago,2023-03-26 05:49:22,44,Female,None,Public
Burglary,Los Angeles,2022-08-24 02:11:53,51,Female,Unknown,Public
Robbery,Miami,2023-07-31 09:54:46,25,Other,None,Private
Robbery,Los Angeles,2021-02-02 19:30:36,33,Male,Bat,Private
Robbery,Miami,2023-04-08 00:07:05,58,Male,Knife,Public
Robbery,Chicago,2022-03-11 12:42:38,42,Other,None,Private
Robbery,New York,2021-12-07 14:14:06,46,Other,Unknown,Public
Assault,Toronto,2021-09-16 17:14:25,61,Female,Unknown,Private
Fraud,Los Angeles,2023-12-06 00:24:48,22,Other,Gun,Public
Robbery,Chicago,2024-08-30 22:50:29,43,Female,Bat,Private
Burglary,Los Angeles,2024-07-19 14:29:13,56,Male,Unknown,Public
Burglary,Toronto,2021-05-29 23:18:43,54,Male,Bat,Private
Fraud,Vancouver,2022-12-12 08:59:51,70,Other,Unknown,Private
Theft,Houston,2023-09-11 03:43:01,69,Other,Bat,Public
Assault,Toronto,2021-03-01 01:48:54,33,Other,Unknown,Private
Theft,Los Angeles,2020-03-25 23:48:36,39,Female,Unknown,Public
Burglary,New York,2023-08-02 07:43:47,39,Male,Gun,Private
Fraud,Toronto,2021-01-28 23:43:24,32,Female,Knife,Private
Assault,Miami,2020-07-17 14:30:42,26,Other,None,Public
Assault,Chicago,2023-12-01 00:29:48,18,Other,Gun,Public
Assault,New York,2024-07-16 09:10:34,52,Other,Bat,Private
Robbery,Miami,2020-10-07 03:19:03,37,Female,Knife,Private
Robbery,Houston,2021-01-09 21:10:05,22,Female,Unknown,Public
Fraud,Houston,2021-10-26 16:22:46,27,Female,None,Private
Theft,Vancouver,2019-01-15 18:59:22,59,Male,None,Public
Theft,Vancouver,2022-12-23 16:00:42,23,Male,Unknown,Public
Theft,Chicago,2021-09-29 11:33:46,31,Female,Unknown,Public
Theft,New York,2019-03-07 16:25:29,65,Other,Unknown,Public
Fraud,Toronto,2022-06-18 14:32:56,45,Male,None,Public
Assault,Miami,2021-10-06 22:14:59,37,Female,Knife,Public
Assault,Miami,2022-12-22 16:12:09,33,Other,Bat,Public
Robbery,Vancouver,2023-12-10 11:11:58,19,Other,None,Public
Fraud,Vancouver,2023-09-02 02:58:53,48,Female,Unknown,Private
Theft,Miami,2019-08-14 20:34:56,52,Male,Knife,Private
Assault,New York,2021-12-14 18:13:20,39,Other,Gun,Private
Assault,Miami,2021-07-14 09:06:19,36,Other,Knife,Public
Fraud,Houston,2021-08-06 16:14:30,70,Male,Knife,Public
Burglary,Miami,2019-07-11 14:36:52,28,Male,Unknown,Private
Assault,Houston,2022-01-07 10:33:10,21,Other,Bat,Public
Fraud,Miami,2023-05-09 11:37:47,56,Male,Bat,Public
Burglary,Toronto,2020-08-25 02:09:25,59,Male,None,Public
Robbery,New York,2024-05-22 21:16:14,68,Male,None,Private
Theft,Miami,2020-07-11 23:50:15,39,Female,Gun,Public
Robbery,Toronto,2023-06-02 23:17:21,46,Female,Gun,Private
Burglary,Miami,2021-04-24 00:19:04,21,Other,Unknown,Private
Burglary,Toronto,2021-08-02 03:41:09,46,Other,Bat,Private
Assault,Vancouver,2022-02-23 18:10:44,33,Other,Bat,Private
Theft,Los Angeles,2022-08-30 23:30:37,21,Male,Bat,Public
Fraud,Houston,2024-03-23 05:21:46,36,Other,Gun,Public
Fraud,Chicago,2019-05-06 10:24:39,58,Male,None,Public
Burglary,Houston,2024-07-17 21:37:30,52,Other,Bat,Private
Fraud,Miami,2021-10-20 22:19:14,49,Female,None,Private
Robbery,Houston,2023-08-05 22:32:55,69,Other,Gun,Private
Burglary,Toronto,2019-10-01 12:50:31,39,Male,Bat,Private
Burglary,Chicago,2022-02-08 06:59:31,56,Other,None,Private
Fraud,Houston,2021-02-22 01:22:37,34,Female,Knife,Private
Fraud,Houston,2020-08-02 17:35:44,39,Male,Gun,Private
Robbery,Los Angeles,2023-08-09 06:03:19,66,Male,None,Public
Burglary,New York,2019-09-01 05:59:05,36,Female,Bat,Private
Robbery,Los Angeles,2022-10-10 14:17:11,64,Other,Knife,Public
Fraud,Los Angeles,2021-08-31 15:52:09,51,Male,Bat,Private
Assault,New York,2022-12-03 20:58:52,56,Female,Gun,Private
Fraud,New York,2021-06-08 15:57:42,57,Female,Knife,Private
Assault,Toronto,2019-04-15 21:38:54,26,Female,None,Private
Robbery,Houston,2020-10-11 00:23:29,28,Male,Gun,Private
Fraud,Vancouver,2023-12-10 00:00:28,54,Other,None,Private
Robbery,New York,2024-09-21 13:21:40,41,Other,Bat,Private
Assault,Los Angeles,2022-04-02 16:49:15,61,Male,Gun,Public
Theft,Houston,2020-02-20 22:50:29,19,Female,Bat,Private
Fraud,Miami,2021-11-09 22:23:02,28,Female,Gun,Public
Theft,Houston,2021-04-26 13:43:18,57,Female,Bat,Public
Theft,Miami,2021-02-06 20:44:27,33,Other,Bat,Public
Burglary,New York,2022-03-18 22:15:23,55,Other,Unknown,Public
Burglary,New York,2023-02-13 13:36:15,63,Male,Knife,Public
Assault,Houston,2021-09-17 03:11:12,61,Female,Unknown,Public
Robbery,Los Angeles,2024-10-04 06:35:57,26,Female,Gun,Private
Burglary,Chicago,2024-02-06 22:43:44,30,Female,Bat,Public
Fraud,Miami,2020-01-07 06:29:56,24,Male,Bat,Private
Fraud,Vancouver,2019-11-11 08:52:14,53,Other,Bat,Public
Theft,New York,2021-04-21 15:33:47,29,Other,None,Public
Burglary,Toronto,2019-12-10 23:53:18,70,Other,Gun,Private
Fraud,Miami,2022-06-01 08:32:44,52,Other,None,Private
Assault,New York,2020-08-29 19:05:03,57,Male,None,Private
Assault,Houston,2019-08-01 11:24:24,64,Female,Bat,Private
Fraud,Houston,2022-12-13 08:40:57,22,Female,Gun,Private
Assault,Houston,2022-11-27 04:20:21,64,Female,Knife,Private
Assault,Toronto,2019-04-13 16:55:45,30,Male,Gun,Public
Robbery,Vancouver,2019-05-07 14:47:22,51,Male,Unknown,Public
Robbery,Toronto,2020-10-08 17:28:24,18,Female,Gun,Private
Fraud,New York,2020-03-22 06:30:11,61,Male,Unknown,Public
Burglary,Vancouver,2023-08-21 14:46:18,67,Male,Knife,Private
Burglary,Houston,2020-06-24 19:02:42,64,Other,Gun,Public
Burglary,Chicago,2020-08-21 18:47:53,48,Other,Gun,Private
Assault,Miami,2023-07-28 04:43:40,27,Male,Unknown,Private
Theft,Houston,2023-12-13 16:22:06,19,Male,Bat,Private
Burglary,Houston,2020-02-17 13:08:38,21,Female,Gun,Private
Fraud,Houston,2023-04-24 12:25:07,54,Other,None,Public
Robbery,Chicago,2023-09-14 01:37:07,19,Male,Knife,Private
Burglary,Los Angeles,2021-03-02 06:08:58,31,Female,Unknown,Private
Robbery,Vancouver,2023-11-23 03:30:49,61,Other,Bat,Private
Burglary,Houston,2022-05-03 13:38:46,55,Male,Bat,Public
Robbery,Miami,2020-03-26 14:11:18,37,Female,Knife,Private
Theft,Vancouver,2024-03-08 14:46:28,40,Male,Knife,Public
Theft,Chicago,2024-03-15 03:16:41,43,Other,Gun,Private
Burglary,Chicago,2020-04-15 14:11:45,19,Male,Knife,Private
Theft,New York,2019-07-12 02:33:53,40,Male,Gun,Private
Assault,Houston,2019-10-24 05:41:43,36,Other,Gun,Private
Burglary,Vancouver,2021-07-13 03:51:28,69,Female,Knife,Private
Robbery,Toronto,2020-02-26 04:27:36,42,Male,Gun,Public
Robbery,Houston,2022-06-07 05:00:09,61,Other,Knife,Private
Theft,Los Angeles,2021-12-28 19:30:07,60,Other,Gun,Private
Fraud,Miami,2023-01-07 15:50:16,56,Other,None,Public
Robbery,Chicago,2022-06-01 12:04:43,49,Male,Bat,Private
Robbery,Los Angeles,2022-01-03 15:05:12,69,Male,None,Private
Robbery,Chicago,2021-10-07 21:11:05,24,Other,Gun,Private
Burglary,Chicago,2021-11-04 11:33:45,40,Female,Unknown,Private
Burglary,Los Angeles,2022-12-02 06:44:29,50,Male,Unknown,Private
Theft,Chicago,2020-04-21 20:13:21,57,Male,Bat,Private
Assault,Houston,2023-07-19 01:57:31,21,Male,Gun,Public
Fraud,Los Angeles,2024-04-25 14:07:05,38,Female,Bat,Public
Assault,Toronto,2020-12-29 09:02:32,50,Male,Gun,Private
Assault,Toronto,2023-03-18 05:46:30,19,Female,Knife,Private
Robbery,Chicago,2024-07-14 06:20:55,33,Female,Knife,Private
Theft,Los Angeles,2019-08-09 01:11:17,26,Other,Knife,Public
Assault,Los Angeles,2021-12-25 13:16:24,67,Female,Knife,Private
Burglary,Los Angeles,2023-11-29 12:10:34,54,Female,Unknown,Private
Robbery,Miami,2019-06-13 12:34:43,32,Female,Gun,Public
Assault,Vancouver,2019-09-19 05:18:17,45,Female,Gun,Private
Burglary,Los Angeles,2020-11-28 01:02:45,25,Other,Bat,Private
Burglary,Los Angeles,2020-05-21 21:00:21,52,Male,Gun,Private
Fraud,Toronto,2022-08-29 01:19:51,23,Other,None,Public
Burglary,Los Angeles,2019-05-12 16:49:35,33,Female,Gun,Private
Assault,Houston,2019-11-07 21:01:25,50,Male,Knife,Private
Robbery,New York,2019-08-31 12:52:21,53,Female,Unknown,Public
Robbery,Los Angeles,2020-07-18 06:50:22,29,Male,None,Private
Robbery,Vancouver,2020-05-06 16:40:07,28,Female,Knife,Private
Fraud,Vancouver,2020-04-13 18:44:39,19,Female,Gun,Private
Assault,Vancouver,2023-06-22 13:29:08,53,Other,Bat,Private
Theft,Los Angeles,2021-12-09 04:33:54,69,Male,None,Public
Assault,Toronto,2019-06-26 05:57:17,58,Female,None,Private
Assault,Toronto,2022-10-12 23:11:29,33,Female,Knife,Private
Fraud,Miami,2019-02-05 03:03:00,38,Female,Gun,Public
Robbery,Toronto,2020-10-05 09:55:14,61,Male,Bat,Public
Fraud,New York,2019-10-27 07:34:53,42,Male,Knife,Public
Theft,Chicago,2020-06-25 14:51:59,31,Other,Unknown,Public
Assault,New York,2024-05-21 08:05:06,26,Other,Bat,Private
Theft,Houston,2023-11-03 05:42:36,22,Female,Unknown,Public
Assault,Chicago,2024-06-01 03:50:45,62,Male,None,Private
Fraud,Los Angeles,2019-09-20 16:41:09,66,Male,Bat,Public
Robbery,Toronto,2024-05-05 08:49:18,68,Male,None,Public
Fraud,New York,2021-03-20 13:38:21,64,Male,Gun,Public
Assault,Chicago,2022-02-16 20:25:08,42,Male,Unknown,Private
Burglary,Houston,2021-04-12 19:51:33,44,Male,Gun,Private
Assault,New York,2024-09-24 04:57:15,20,Female,None,Private
Theft,Toronto,2021-02-08 07:32:45,41,Other,Unknown,Public
Theft,Vancouver,2020-04-28 14:12:54,42,Female,Bat,Private
Burglary,Houston,2023-12-30 20:41:29,62,Other,Bat,Private
Theft,Miami,2024-07-13 07:22:52,45,Other,Bat,Public
Assault,Miami,2021-08-03 22:33:31,52,Male,Unknown,Private
Burglary,New York,2019-10-07 20:59:36,46,Female,Gun,Private
Robbery,New York,2021-01-14 01:02:58,27,Female,Gun,Public
Robbery,Los Angeles,2019-05-06 03:10:17,25,Other,Gun,Public
Fraud,Chicago,2022-06-24 11:56:12,67,Male,Bat,Public
Theft,Vancouver,2023-10-29 05:46:56,47,Male,Bat,Public
Theft,Miami,2019-01-23 04:23:44,37,Other,Knife,Private
Burglary,Los Angeles,2021-07-19 02:15:58,20,Female,None,Public
Burglary,Houston,2023-12-22 17:55:37,36,Female,Gun,Public
Theft,Vancouver,2019-01-20 17:48:57,68,Other,Bat,Public
Assault,Miami,2020-05-25 20:48:10,46,Male,Unknown,Private
Burglary,Los Angeles,2022-05-02 14:14:41,56,Male,Unknown,Private
Fraud,Miami,2020-07-03 19:50:35,46,Female,Unknown,Public
Fraud,Chicago,2019-02-27 17:11:15,29,Other,Unknown,Private
Robbery,Los Angeles,2019-06-07 09:24:15,46,Male,Bat,Public
Burglary,New York,2022-01-24 10:10:05,33,Female,Bat,Private
Assault,New York,2021-08-01 06:40:57,38,Other,Unknown,Private
Fraud,Miami,2024-04-02 22:29:10,61,Female,Gun,Private
Theft,Vancouver,2022-08-13 19:51:40,70,Male,Gun,Private
Fraud,New York,2019-06-02 00:50:23,36,Other,Bat,Public
Burglary,Vancouver,2021-02-21 03:25:29,22,Female,None,Public
Burglary,Los Angeles,2024-03-24 13:28:48,46,Male,Bat,Public
Burglary,Chicago,2021-12-31 18:08:25,56,Female,Knife,Public
Burglary,New York,2021-03-18 05:19:21,40,Male,Unknown,Public
Theft,New York,2023-09-23 22:12:01,25,Female,Unknown,Public
Fraud,New York,2021-02-14 22:28:41,59,Other,Gun,Private
Theft,Los Angeles,2023-05-10 01:53:38,30,Other,Knife,Public
Assault,Chicago,2020-09-23 23:35:40,26,Female,Knife,Private
Burglary,Toronto,2021-12-18 19:37:23,21,Male,None,Private
Fraud,Los Angeles,2020-11-06 14:56:16,41,Female,Knife,Public
Assault,Miami,2021-10-07 15:42:45,24,Other,Unknown,Public
Burglary,Houston,2020-03-17 19:21:39,29,Other,Bat,Private
Fraud,Houston,2020-08-06 15:57:26,35,Female,Gun,Public
Robbery,Miami,2024-01-14 12:07:52,42,Female,Unknown,Public
Fraud,Chicago,2021-08-14 14:30:03,49,Other,Knife,Private
Assault,Vancouver,2020-06-03 11:36:28,32,Other,None,Private
Robbery,Chicago,2022-04-07 01:16:37,64,Female,Knife,Private
Burglary,Houston,2022-05-29 20:39:58,46,Female,Gun,Public
Burglary,Vancouver,2021-08-22 01:08:31,52,Female,Knife,Private
Theft,Los Angeles,2021-05-16 03:23:43,31,Female,Gun,Private
Fraud,Los Angeles,2023-03-11 11:37:48,45,Male,Knife,Private
Fraud,New York,2020-02-29 07:33:32,54,Other,Gun,Public
Assault,Los Angeles,2023-08-31 14:45:17,41,Other,Knife,Private
Burglary,Los Angeles,2020-11-19 23:08:56,22,Male,Gun,Private
Assault,Houston,2024-03-23 08:20:14,27,Female,Knife,Private
Burglary,New York,2021-01-25 03:53:35,27,Male,None,Public
Fraud,New York,2019-12-04 09:51:10,56,Other,Unknown,Private
Robbery,Los Angeles,2024-09-12 19:04:33,69,Male,None,Private
Burglary,Houston,2020-03-08 09:11:44,24,Other,Bat,Private
Robbery,New York,2022-06-25 15:18:06,27,Female,Bat,Private
Robbery,New York,2019-08-16 22:34:43,61,Other,Knife,Public
Assault,Houston,2024-04-01 04:01:52,29,Male,Unknown,Private
Fraud,Chicago,2021-02-09 16:33:02,26,Female,Gun,Private
Robbery,New York,2020-05-03 22:15:42,26,Male,Knife,Public
Theft,Chicago,2023-02-16 08:35:11,55,Female,Unknown,Public
Assault,Los Angeles,2019-07-03 06:08:25,60,Other,Bat,Public
Assault,Vancouver,2023-06-24 20:49:12,55,Other,Unknown,Private
Assault,Los Angeles,2022-02-22 01:05:20,54,Other,Knife,Private
Assault,Houston,2020-07-05 01:40:10,54,Other,Knife,Private
Robbery,Vancouver,2022-10-07 10:23:16,51,Female,Gun,Public
Robbery,Toronto,2023-03-15 12:10:43,70,Female,None,Private
Robbery,New York,2020-02-17 21:19:37,26,Male,Knife,Public
Burglary,Chicago,2023-05-09 17:37:05,22,Female,Bat,Public
Fraud,Vancouver,2021-12-26 08:31:31,59,Other,None,Public
Fraud,Vancouver,2021-11-11 22:29:58,31,Other,Knife,Public
Fraud,Houston,2023-01-15 08:31:12,32,Other,Bat,Public
Burglary,New York,2022-01-17 21:58:13,26,Female,Knife,Private
Assault,Toronto,2019-10-08 18:10:05,27,Male,Unknown,Private
Fraud,Houston,2022-01-24 06:03:57,50,Other,None,Private
Assault,Miami,2023-12-26 06:24:07,68,Other,Knife,Public
Fraud,Toronto,2020-10-21 05:56:24,64,Male,Unknown,Public
Burglary,Los Angeles,2023-11-18 23:56:53,40,Female,Knife,Public
Robbery,Los Angeles,2023-03-23 16:50:07,41,Male,Gun,Private
Burglary,Chicago,2021-08-27 22:17:07,34,Female,Unknown,Private
Fraud,Vancouver,2019-10-05 14:50:42,57,Female,Gun,Public
Fraud,New York,2021-07-07 00:57:22,31,Other,None,Public
Robbery,Chicago,2024-09-16 02:24:56,68,Male,Bat,Public
Burglary,Houston,2023-07-03 17:53:08,60,Female,Unknown,Public
Fraud,Houston,2021-07-05 07:47:51,42,Other,Gun,Private
Theft,Chicago,2021-03-06 02:21:46,52,Female,Gun,Public
Assault,Houston,2020-12-05 03:50:14,21,Male,Bat,Private
Robbery,Los Angeles,2022-06-25 00:47:06,43,Female,None,Private
Robbery,Vancouver,2024-07-02 19:02:20,52,Male,Bat,Private
Burglary,Houston,2022-08-15 09:52:20,61,Male,Gun,Private
Robbery,New York,2019-10-02 10:53:46,53,Female,Knife,Public
Assault,Los Angeles,2021-04-13 01:45:49,52,Other,Unknown,Private
Burglary,Houston,2019-06-29 21:23:29,43,Male,Unknown,Public
Theft,Houston,2023-04-06 19:53:15,65,Female,None,Public
Theft,Houston,2022-05-08 16:17:43,54,Female,Unknown,Private
Robbery,Miami,2022-03-23 10:49:58,65,Male,Gun,Public
Assault,Vancouver,2023-03-16 12:31:33,42,Male,Unknown,Public
Fraud,Vancouver,2023-02-20 02:04:10,50,Other,Unknown,Private
Assault,Houston,2020-08-03 15:31:38,25,Other,Knife,Public
Burglary,Los Angeles,2022-12-25 04:34:09,49,Female,Unknown,Public
Theft,Vancouver,2021-08-31 02:01:38,31,Other,Knife,Public
Burglary,Houston,2023-11-11 23:12:58,66,Female,Gun,Public
Assault,Toronto,2019-08-26 03:26:31,52,Female,None,Public
Fraud,Chicago,2023-03-27 04:23:14,41,Male,Unknown,Public
Fraud,Chicago,2024-08-12 23:43:11,26,Female,Unknown,Public
Burglary,Houston,2023-01-20 11:09:10,46,Other,None,Public
Robbery,Toronto,2023-07-29 06:35:12,32,Male,Gun,Public
Burglary,Toronto,2019-07-04 02:27:18,65,Other,Knife,Private
Burglary,Miami,2024-07-05 00:09:57,42,Other,Bat,Private
Burglary,Chicago,2022-11-09 03:38:19,55,Male,Bat,Private
Fraud,Miami,2020-06-11 17:48:42,66,Female,Knife,Private
Assault,Houston,2022-02-23 19:14:11,43,Other,Knife,Public
Theft,Los Angeles,2023-04-18 20:32:18,62,Female,None,Private
Theft,Chicago,2020-05-09 06:14:42,57,Female,Bat,Public
Fraud,Vancouver,2024-06-08 04:21:07,38,Female,Gun,Private
Fraud,Miami,2023-01-27 14:45:23,43,Other,Unknown,Private
Burglary,Vancouver,2024-02-07 23:19:48,34,Other,Gun,Public
Theft,Miami,2021-08-15 11:05:47,37,Female,Unknown,Private
Fraud,Toronto,2019-12-31 00:43:51,70,Other,Gun,Private
Robbery,Vancouver,2022-10-24 12:38:27,51,Female,Gun,Public
Theft,Houston,2019-11-27 16:45:08,63,Other,Unknown,Private
Fraud,Vancouver,2023-06-24 16:28:12,26,Female,Knife,Private
Fraud,Chicago,2024-03-04 20:44:17,22,Female,Gun,Public
Robbery,Miami,2024-09-13 16:45:35,49,Other,Knife,Public
Assault,Los Angeles,2021-09-11 20:23:28,40,Female,Knife,Public
Burglary,Miami,2021-12-10 21:12:38,53,Male,None,Public
Robbery,Houston,2020-05-19 18:07:17,64,Female,Unknown,Private
Fraud,Los Angeles,2021-03-22 10:00:31,27,Female,Gun,Public
Assault,Houston,2019-04-16 19:31:07,48,Other,Unknown,Private
Theft,Houston,2020-02-21 17:02:36,62,Male,Gun,Private
Theft,Chicago,2021-07-10 20:14:24,62,Female,Bat,Private
Assault,Miami,2022-12-09 19:47:38,55,Female,Bat,Private
Fraud,New York,2022-12-17 10:34:13,19,Female,Unknown,Public
Robbery,Vancouver,2022-11-04 15:42:46,21,Female,Knife,Private
Fraud,Houston,2022-12-04 09:24:00,35,Female,Bat,Public
Burglary,Houston,2019-12-23 23:15:46,38,Other,None,Public
Robbery,Chicago,2019-11-06 03:08:34,31,Female,Unknown,Private
Burglary,Houston,2023-11-10 03:10:03,53,Female,Knife,Private
Assault,Miami,2020-12-27 07:54:13,32,Male,Unknown,Private
Assault,Los Angeles,2022-09-14 03:34:30,36,Male,None,Public
Assault,Miami,2023-10-15 11:20:42,52,Female,Gun,Private
Fraud,Vancouver,2021-11-09 02:08:03,20,Male,Gun,Private
Theft,Vancouver,2022-04-14 14:10:18,28,Female,Bat,Public
Assault,Miami,2020-09-04 21:23:16,60,Male,Unknown,Private
Fraud,New York,2022-01-21 06:21:55,38,Female,Knife,Public
Robbery,Los Angeles,2023-08-13 04:13:44,21,Female,Unknown,Private
Assault,Los Angeles,2019-11-27 09:16:44,25,Other,Unknown,Private
Burglary,Vancouver,2023-01-31 03:03:37,36,Male,Unknown,Private
Fraud,Houston,2020-12-01 07:51:25,48,Female,Gun,Public
Robbery,New York,2022-07-22 02:21:33,34,Female,Knife,Private
Theft,New York,2019-05-12 13:25:37,25,Male,Unknown,Public
Robbery,Chicago,2022-05-23 12:56:16,56,Female,Gun,Public
Assault,Miami,2023-11-26 22:35:17,69,Male,None,Public
Theft,New York,2023-12-26 10:56:06,20,Other,Gun,Public
Robbery,Los Angeles,2024-05-30 02:52:27,30,Female,Unknown,Public
Fraud,Toronto,2023-08-01 07:29:20,28,Female,Gun,Private
Fraud,Vancouver,2024-01-24 17:37:34,61,Other,Gun,Public
Theft,Vancouver,2023-06-11 00:39:02,59,Male,None,Public
Burglary,Houston,2023-06-24 11:55:39,45,Other,Bat,Public
Assault,Toronto,2021-11-10 04:18:10,44,Female,Unknown,Public
Robbery,Los Angeles,2022-06-25 10:18:40,53,Female,None,Private
Burglary,Houston,2024-06-19 21:17:11,30,Female,Unknown,Private
Robbery,Toronto,2022-02-21 01:25:11,27,Male,Knife,Public
Robbery,Miami,2019-01-19 12:57:06,42,Male,Unknown,Private
Assault,Chicago,2022-08-11 14:51:21,46,Female,None,Public
Assault,Chicago,2024-08-15 18:26:39,26,Male,Gun,Private
Assault,Miami,2022-08-12 01:48:37,65,Male,Bat,Public
Assault,Chicago,2022-01-12 23:17:55,44,Other,Unknown,Private
Fraud,Houston,2022-01-23 10:23:50,51,Male,Knife,Public
Assault,Chicago,2021-11-09 18:52:36,38,Female,Gun,Public
Burglary,Houston,2022-04-11 11:58:26,37,Female,Bat,Private
Robbery,New York,2019-03-21 01:52:23,70,Female,Gun,Public
Theft,Houston,2021-10-05 13:26:10,21,Female,Unknown,Private
Assault,Toronto,2023-10-08 23:52:20,59,Male,Gun,Private
Burglary,Miami,2023-04-09 07:00:45,44,Other,Knife,Private
Theft,Miami,2019-06-16 17:07:23,52,Other,Bat,Public
Robbery,Los Angeles,2022-06-07 09:46:38,18,Male,Gun,Public
Assault,Chicago,2019-10-02 03:38:57,60,Female,Unknown,Private
Burglary,Chicago,2020-08-01 07:18:20,57,Other,Gun,Public
Fraud,Chicago,2021-11-02 11:20:04,66,Other,Gun,Public
Robbery,New York,2024-07-10 14:37:52,33,Other,None,Private
Fraud,Toronto,2021-06-01 02:38:18,56,Other,None,Public
Theft,New York,2020-05-01 03:10:05,64,Female,None,Public
Assault,Houston,2023-02-27 03:28:23,45,Female,Gun,Private
Theft,Houston,2019-08-30 10:08:15,37,Male,Bat,Private
Assault,Houston,2021-12-14 17:15:50,32,Other,Knife,Private
Fraud,Los Angeles,2024-09-04 10:01:55,31,Female,Gun,Private
Fraud,Vancouver,2023-04-12 17:50:29,30,Other,None,Private
Burglary,New York,2019-10-06 13:32:12,59,Other,Unknown,Public
Theft,Miami,2024-03-24 19:01:07,38,Male,Knife,Public
Robbery,Houston,2019-08-31 07:33:30,65,Male,None,Private
Robbery,New York,2022-02-11 20:21:36,70,Female,None,Private
Fraud,Vancouver,2019-04-23 20:39:40,18,Female,Unknown,Private
Burglary,New York,2019-04-18 00:28:21,60,Female,Gun,Public
Robbery,Chicago,2020-10-22 12:07:41,67,Male,Unknown,Private
Fraud,Miami,2022-03-09 16:48:55,35,Female,Knife,Private
Assault,Los Angeles,2019-04-12 11:21:36,58,Other,Unknown,Public
Fraud,Houston,2020-06-28 12:36:45,25,Female,Unknown,Public
Theft,New York,2023-10-02 15:34:13,29,Male,Gun,Public
Theft,New York,2022-06-30 03:46:14,48,Female,Unknown,Public
Burglary,New York,2021-02-18 23:57:15,33,Female,Unknown,Private
Burglary,Vancouver,2021-06-26 21:10:50,65,Other,Bat,Public
Assault,Vancouver,2021-05-26 22:34:30,47,Female,Unknown,Private
Theft,Miami,2023-03-05 20:22:40,36,Male,None,Private
Burglary,Miami,2019-01-06 10:45:25,21,Male,Knife,Public
Theft,Vancouver,2020-12-05 02:00:03,34,Other,Unknown,Public
Theft,Houston,2021-06-26 21:26:10,53,Female,Unknown,Public
Robbery,Miami,2019-10-11 04:35:34,40,Other,Gun,Private
Fraud,Miami,2020-07-04 06:31:00,50,Female,Gun,Private
Robbery,Chicago,2024-07-06 04:55:09,41,Male,Knife,Private
Burglary,Los Angeles,2021-03-08 16:24:30,53,Female,Gun,Private
Theft,New York,2022-03-09 12:16:49,37,Male,None,Private
Burglary,Los Angeles,2023-09-14 01:38:54,18,Other,Unknown,Public
Burglary,Vancouver,2023-09-06 02:42:30,26,Male,Knife,Private
Theft,Vancouver,2020-11-12 05:30:05,48,Female,None,Private
Theft,Miami,2023-12-28 13:40:37,18,Male,None,Private
Robbery,Miami,2024-07-09 06:50:28,32,Male,Gun,Public
Robbery,Los Angeles,2019-01-10 20:29:59,70,Female,Knife,Public
Theft,Miami,2024-02-05 08:02:39,53,Male,None,Private
Robbery,Chicago,2019-11-24 17:21:54,23,Other,Knife,Private
Fraud,Houston,2023-03-16 21:04:19,68,Other,None,Public
Theft,New York,2022-09-17 22:35:16,58,Male,Gun,Public
Assault,Miami,2020-10-06 02:49:07,52,Other,Bat,Public
Robbery,Houston,2024-02-29 05:58:48,43,Female,Gun,Private
Burglary,Los Angeles,2019-10-13 19:16:27,36,Female,Gun,Public
Burglary,Vancouver,2021-10-09 18:11:21,18,Male,Unknown,Private
Burglary,New York,2022-02-19 15:00:03,21,Female,Bat,Public
Burglary,Houston,2021-02-27 11:28:30,36,Female,Knife,Public
Robbery,Miami,2023-09-28 20:39:34,62,Other,Knife,Private
Burglary,Miami,2019-03-12 09:37:44,69,Female,Bat,Public
Assault,Chicago,2023-06-01 12:59:39,69,Male,Gun,Public
Robbery,Houston,2019-09-26 08:31:22,47,Other,Unknown,Private
Robbery,New York,2022-05-01 02:03:05,42,Other,Knife,Public
Robbery,Los Angeles,2021-04-12 04:07:56,51,Other,Unknown,Private
Burglary,New York,2019-07-07 18:06:18,21,Male,Knife,Public
Robbery,Miami,2021-01-01 19:28:24,68,Male,Knife,Public
Theft,Toronto,2021-10-15 21:19:06,19,Female,None,Public
Robbery,Houston,2019-05-26 10:41:07,61,Male,None,Private
Fraud,Vancouver,2021-11-18 10:55:44,59,Male,Unknown,Private
Fraud,Miami,2024-02-01 15:39:43,19,Male,None,Private
Robbery,Toronto,2024-08-10 01:50:45,62,Female,Unknown,Public
Theft,Houston,2019-09-07 18:36:25,60,Male,Gun,Private
Robbery,Los Angeles,2024-04-01 06:48:39,38,Male,Bat,Private
Assault,Vancouver,2023-07-10 17:27:59,31,Other,Gun,Private
Assault,Chicago,2019-09-20 05:18:43,26,Female,Bat,Public
Theft,Los Angeles,2021-09-21 07:24:30,45,Male,None,Private
Robbery,Chicago,2019-01-13 21:22:28,70,Female,Bat,Private
Assault,Vancouver,2023-07-31 07:37:35,18,Male,Bat,Private
Theft,Los Angeles,2022-04-11 22:27:24,22,Other,Unknown,Public
Theft,Miami,2021-01-16 11:29:11,47,Other,Unknown,Private
Robbery,Vancouver,2021-11-11 11:50:03,68,Other,None,Private
Assault,Houston,2022-04-01 13:26:15,25,Female,Gun,Public
Theft,Chicago,2022-12-15 22:53:36,56,Female,Gun,Private
Fraud,New York,2019-04-28 05:47:15,25,Female,None,Public
Robbery,New York,2020-07-20 21:39:18,48,Male,Bat,Private
Robbery,Miami,2021-03-28 11:14:15,44,Female,Bat,Private
Assault,Chicago,2022-08-11 23:24:57,38,Female,Bat,Private
Fraud,Chicago,2024-05-08 22:35:18,28,Female,Gun,Private
Theft,Chicago,2021-11-08 12:15:23,39,Other,None,Public
Fraud,Houston,2022-04-06 22:08:45,58,Male,Gun,Public
Robbery,Vancouver,2020-12-02 06:01:01,50,Other,Bat,Public
Theft,Chicago,2024-07-03 05:17:17,55,Female,Gun,Public
Robbery,Los Angeles,2024-08-30 06:09:40,57,Male,Unknown,Private
Assault,Vancouver,2021-02-06 02:32:00,54,Female,Gun,Public
Robbery,Los Angeles,2019-10-02 04:37:47,27,Female,Bat,Public
Theft,Houston,2021-07-25 18:44:46,26,Male,Bat,Private
Fraud,Chicago,2022-09-15 08:03:01,20,Female,Gun,Private
Assault,New York,2020-10-23 05:00:32,67,Other,Bat,Private
Robbery,Miami,2019-06-14 05:38:43,29,Other,Gun,Private
Fraud,Houston,2020-02-16 02:43:12,60,Female,Gun,Public
Assault,Vancouver,2020-02-04 22:30:43,31,Other,Knife,Public
Burglary,Houston,2024-09-25 01:57:21,64,Female,None,Private
Assault,New York,2021-09-22 00:54:04,55,Female,None,Public
Assault,New York,2023-04-16 16:45:27,36,Female,Unknown,Public
Assault,Miami,2024-09-05 02:48:48,28,Male,Bat,Public
Burglary,Houston,2020-09-25 21:41:17,45,Female,Knife,Public
Fraud,Los Angeles,2022-04-03 03:32:10,24,Other,Knife,Private
Assault,Chicago,2023-03-08 13:21:51,41,Female,Bat,Public
Fraud,Vancouver,2021-06-20 20:41:16,38,Female,Gun,Private
Fraud,Miami,2021-06-28 07:28:56,63,Male,None,Private
Theft,New York,2020-03-03 05:38:44,18,Male,Gun,Private
Theft,Vancouver,2022-12-30 03:15:25,50,Female,Unknown,Private
Robbery,Vancouver,2019-08-23 10:19:17,42,Female,None,Private
Assault,Houston,2023-06-16 08:37:50,55,Female,Bat,Private
Theft,Vancouver,2023-11-26 20:40:08,23,Female,Bat,Private
Fraud,Vancouver,2022-09-19 15:27:18,20,Other,Gun,Public
Assault,New York,2020-06-08 21:02:21,56,Female,Gun,Public
Assault,Vancouver,2024-05-15 17:00:39,41,Male,Bat,Public
Assault,Chicago,2020-04-25 21:26:34,31,Male,Gun,Private
Robbery,Los Angeles,2021-08-07 11:45:56,52,Female,Bat,Public
Theft,Miami,2019-06-05 02:16:00,42,Female,Unknown,Public
Fraud,Houston,2020-10-22 06:16:12,62,Male,Bat,Public
Robbery,Chicago,2019-05-28 12:51:17,38,Other,None,Public
Theft,Houston,2023-12-23 17:19:42,29,Male,Bat,Private
Fraud,Los Angeles,2024-01-08 16:59:58,20,Female,None,Public
Burglary,Chicago,2020-07-12 00:27:34,63,Female,Bat,Public
Theft,Chicago,2019-10-09 03:37:26,27,Other,Bat,Private
Robbery,Los Angeles,2024-07-30 18:36:28,22,Male,None,Public
Fraud,Toronto,2019-04-30 01:12:02,49,Other,Knife,Public
Theft,Houston,2022-02-20 15:02:48,55,Other,Gun,Private
Burglary,Toronto,2019-07-21 06:23:18,68,Male,Unknown,Private
Robbery,Houston,2024-04-16 12:46:41,41,Other,Unknown,Private
Burglary,Vancouver,2022-05-08 16:16:17,57,Other,Knife,Private
Burglary,Toronto,2021-01-19 22:19:47,35,Female,Gun,Private
Theft,Los Angeles,2023-12-21 15:39:36,24,Other,Bat,Public
Fraud,Miami,2019-11-08 00:49:29,30,Female,Bat,Public
Burglary,Los Angeles,2022-05-16 16:12:00,41,Male,None,Public
Assault,Chicago,2024-09-02 04:31:08,39,Male,Knife,Private
Assault,Los Angeles,2022-11-28 23:11:55,57,Other,Gun,Private
Assault,Toronto,2019-07-11 09:41:37,47,Other,Bat,Private
Robbery,Vancouver,2024-06-14 10:49:25,58,Other,Gun,Private
Burglary,New York,2023-10-16 03:49:20,34,Other,Unknown,Private
Burglary,Toronto,2021-04-19 05:53:14,68,Male,Bat,Private
Theft,Chicago,2021-12-31 09:47:20,53,Male,None,Private
Fraud,Los Angeles,2021-04-27 14:14:12,35,Female,Gun,Private
Fraud,Toronto,2019-03-25 06:43:58,68,Female,None,Private
Theft,Toronto,2023-08-04 00:03:17,39,Other,Bat,Private
Robbery,Toronto,2024-01-01 13:45:03,47,Female,Gun,Private
Robbery,Miami,2022-04-02 13:14:25,66,Male,Knife,Private
Assault,Los Angeles,2019-06-24 23:10:36,25,Female,Unknown,Private
Fraud,Los Angeles,2020-05-12 00:13:06,45,Other,Bat,Public
Theft,New York,2021-07-24 10:46:15,70,Female,Knife,Private
Theft,Los Angeles,2019-11-21 07:15:18,60,Male,Bat,Public
Theft,Miami,2024-02-24 01:22:02,43,Male,Bat,Public
Fraud,Toronto,2019-07-14 21:37:18,54,Female,Unknown,Private
Theft,Toronto,2024-09-17 10:20:40,28,Female,Gun,Private
Burglary,Miami,2024-07-19 20:23:09,44,Male,Knife,Private
Fraud,Houston,2019-04-22 15:09:30,51,Male,Knife,Private
Robbery,Chicago,2019-01-26 22:05:50,28,Other,None,Private
Fraud,New York,2024-01-19 04:13:10,35,Male,Bat,Public
Theft,Toronto,2022-09-29 23:08:25,25,Other,Unknown,Public
Robbery,Miami,2023-05-27 14:46:20,21,Other,Bat,Public
Theft,Houston,2019-12-01 17:01:53,68,Female,Unknown,Public
Robbery,Vancouver,2023-05-04 14:25:29,21,Male,Bat,Private
Robbery,Chicago,2022-06-24 03:51:07,49,Female,None,Private
Fraud,Miami,2023-07-26 22:39:20,21,Male,Knife,Private
Fraud,Vancouver,2020-04-26 14:10:32,63,Female,Gun,Private
Robbery,Miami,2020-08-25 09:25:51,19,Other,None,Public
Burglary,Vancouver,2020-04-06 20:11:41,24,Female,Gun,Private
Theft,Toronto,2022-05-03 15:25:57,63,Male,Unknown,Private
Robbery,Houston,2020-05-29 14:45:34,42,Other,Knife,Public
Fraud,New York,2023-09-02 10:08:09,57,Other,Bat,Private
Assault,Los Angeles,2021-11-28 02:32:59,23,Male,Bat,Private
Burglary,Miami,2019-05-20 03:28:35,47,Female,None,Private
Fraud,New York,2020-11-19 23:23:38,36,Female,Knife,Public
Assault,Los Angeles,2020-09-17 07:16:19,21,Male,None,Public
Robbery,New York,2019-02-08 18:25:43,20,Female,Knife,Private
Burglary,Vancouver,2023-09-16 08:44:17,21,Other,None,Private
Assault,Houston,2019-12-20 19:02:04,53,Other,Bat,Private
Burglary,Miami,2023-12-30 17:39:17,30,Male,Unknown,Private
Burglary,Miami,2021-07-20 03:55:59,35,Female,Bat,Public
Fraud,Vancouver,2022-02-28 12:26:34,55,Male,Bat,Public
Theft,Miami,2020-08-23 20:13:20,54,Male,Bat,Private
Assault,New York,2019-12-29 13:20:13,22,Other,Bat,Private
Fraud,Houston,2021-06-11 01:22:07,45,Female,Knife,Public
Burglary,Vancouver,2021-03-16 04:11:52,64,Other,None,Public
Theft,Los Angeles,2019-09-25 13:17:34,34,Female,Bat,Private
Assault,Chicago,2020-07-27 20:05:21,22,Other,Knife,Public
Robbery,New York,2021-06-15 16:53:44,51,Male,Knife,Public
Theft,Chicago,2020-07-22 06:09:53,37,Other,Knife,Public
Burglary,New York,2024-06-02 09:29:22,54,Female,Gun,Public
Theft,Toronto,2023-08-18 18:05:32,48,Other,Gun,Private
Burglary,Miami,2019-03-23 10:47:46,18,Male,Gun,Public
Robbery,Chicago,2019-03-09 16:50:01,27,Male,Gun,Private
Robbery,Vancouver,2023-12-10 08:53:12,18,Female,Knife,Public
